pair1,name
XMR,Binance
XMR,OKEX
XMR,Huobi
XMR,Bitfinex
XMR,ZB
XMR,CITEX
XMR,Coinw
XMR,HomiEx
XMR,BHEX
XMR,DeerDex
XMR,Tokencan
XMR,HitBTC
XMR,WanKeJia
XMR,DiBi
XMR,BONIRY COIN
XMR,DigiFinex
XMR,ZBG
XMR,ZT
XMR,XT.COM
XMR,Kraken
XMR,BKEX
XMR,Bithumb Global
XMR,Poloniex
XMR,PKEX
XMR,SENbit
XMR,gate.io
XMR,Bione
XMR,BitMec
XMR,支点(Zhidian.io)
XMR,FFEX
XMR,GOKO
XMR,TOKOK
XMR,KuCoin
XMR,BiKi
XMR,Hoo
XMR,Exmo
XMR,MXC
XMR,AOFEX
XMR,ZG.com
XMR,WBFex
XMR,SouthXchange
XMR,Hotbit
XMR,CREX24
XMR,ZOOOO
XMR,UKEX Global
XMR,CEO Global
XMR,BLEX
XMR,Boboo
XMR,Phoenix Global
XMR,TAB Grape
XMR,CyberBank
XMR,NVEX
XMR,GaeaEx
XMR,ZHENBI
XMR,Crius
XMR,Hydax
XMR,WenX
XMR,TNEX
XMR,CoinBene
XMR,EXX
XMR,RightBTC
XMR,JEX
XMR,BitNasdaq
XMR,Moomex
XMR,DCP
XMR,DragonEx
XMR,GX
XMR,Dcoin
XMR,BeeEx
XMR,Nutex
XMR,BBKX
XMR,BiBull
XMR,HKEx.one
XMR,币星BitSG
XMR,HXEX
XMR,XueBi
XMR,ZNN
XMR,ANE
XMR,AUS
XMR,UCBIT
XMR,TokenEco
XMR,ProEX
XMR,WCLUB
XMR,BeeX
XMR,FKEx
XMR,LongBit
XMR,CoinEx
XMR,B2BX
XMR,Indodax
XMR,DBOSS
GRIN,ZB
GRIN,gate.io
GRIN,BKEX
GRIN,Hotbit
GRIN,ZT
GRIN,HitBTC
GRIN,Coinw
GRIN,BiKi
GRIN,WhaleEx
GRIN,Bibox
GRIN,CITEX
GRIN,KuCoin
GRIN,XT.COM
GRIN,BitForex
GRIN,AEX
GRIN,DragonEx
GRIN,CoinEx
GRIN,CBX
BEAM,Binance
BEAM,DeerDex
BEAM,Boboo
BEAM,BHEX
BEAM,BitZ
BEAM,XT.COM
BEAM,gate.io
BEAM,MXC
BEAM,Coinw
BEAM,BiKi
BEAM,Hotbit
BEAM,BLEX
BEAM,BTC100
BEAM,WenX
BEAM,Hydax
BEAM,Phoenix Global
BEAM,ZHENBI
BEAM,GaeaEx
BEAM,UKEX Global
BEAM,FChain
BEAM,HomiEx
BEAM,TAB Grape
BEAM,Nutex
BEAM,DragonEx
BEAM,BitForex
BEAM,BKEX
BEAM,CoinEx
BEAM,ViteX
ZEC,Binance
ZEC,OKEX
ZEC,Huobi
ZEC,Coinbase Pro
ZEC,Bitfinex
ZEC,WBFex
ZEC,ZG.com
ZEC,CITEX
ZEC,Phoenix Global
ZEC,HomiEx
ZEC,Jubi
ZEC,DeerDex
ZEC,BHEX
ZEC,YoBit
ZEC,DiBi
ZEC,BitZ
ZEC,BONIRY COIN
ZEC,HitBTC
ZEC,gate.io
ZEC,DigiFinex
ZEC,CoinTiger
ZEC,ZT
ZEC,BitMart
ZEC,XT.COM
ZEC,ZBG
ZEC,BBKX
ZEC,HKEx.one
ZEC,Bione
ZEC,ProEX
ZEC,币星BitSG
ZEC,BitMec
ZEC,TokenEco
ZEC,GOKO
ZEC,BKEX
ZEC,Benson
ZEC,LOEX
ZEC,BiKi
ZEC,Bibox
ZEC,TOKOK
ZEC,KuCoin
ZEC,Kraken
ZEC,Gemini
ZEC,Hoo
ZEC,AEX
ZEC,Asproex
ZEC,WanKeJia
ZEC,Exmo
ZEC,BICC
ZEC,UKEX Global
ZEC,MXC
ZEC,PKEX
ZEC,AOFEX
ZEC,Coinw
ZEC,Poloniex
ZEC,Bitget
ZEC,AscendEX
ZEC,BitBay
ZEC,Kuna
ZEC,Hotbit
ZEC,CREX24
ZEC,HMEX
ZEC,Anbbit
ZEC,CEO Global
ZEC,BeeEx
ZEC,Nutex
ZEC,TAB Grape
ZEC,BLEX
ZEC,NVEX
ZEC,Boboo
ZEC,CyberBank
ZEC,FChain
ZEC,GaeaEx
ZEC,ZHENBI
ZEC,Hydax
ZEC,WenX
ZEC,Crius
ZEC,EXX
ZEC,CoinRui
ZEC,BITEPRO
ZEC,CEX
ZEC,GX
ZEC,CoinBene
ZEC,TNEX
ZEC,Bituan
ZEC,HXEX
ZEC,ZNN
ZEC,ANE
ZEC,YIHUO
ZEC,WCLUB
ZEC,LBank
ZEC,LongBit
ZEC,DCP
ZEC,Bvnex
ZEC,BitForex
ZEC,Coineal
ZEC,Zhaobi
ZEC,CoinEx
ZEC,B2BX
ZEC,XYT
ZEC,FBTC
ZEC,DragonEx
ZEC,BitCola
ZEC,Bithumb Global
ZEC,Indodax
ZEC,AAX
ZEC,24MEX
ZEC,99EX
ZEC,STEX
ZEN,Binance
ZEN,Huobi
ZEN,OKEX
ZEN,Bittrex
ZEN,Anbbit
ZEN,Boboo
ZEN,Phoenix Global
ZEN,BHEX
ZEN,HomiEx
ZEN,DeerDex
ZEN,Bituan
ZEN,ZT
ZEN,DigiFinex
ZEN,HitBTC
ZEN,XT.COM
ZEN,gate.io
ZEN,LOEX
ZEN,Hoo
ZEN,AEX
ZEN,BKEX
ZEN,BBKX
ZEN,BitMec
ZEN,支点(Zhidian.io)
ZEN,Bione
ZEN,BiBull
ZEN,FFEX
ZEN,KuCoin
ZEN,Bithumb Global
ZEN,MXC
ZEN,TOKOK
ZEN,BiKi
ZEN,LBank
ZEN,AOFEX
ZEN,ZBG
ZEN,CoinTiger
ZEN,Jubi
ZEN,Hotbit
ZEN,TNEX
ZEN,WenX
ZEN,UKEX Global
ZEN,ZHENBI
ZEN,GaeaEx
ZEN,TAB Grape
ZEN,BeeEx
ZEN,Nutex
ZEN,LongBit
ZEN,DragonEx
ZEN,HXEX
ZEN,HKEx.one
ZEN,YIHUO
ZEN,TokenEco
ZEN,AUS
ZEN,CoinEx
ZEN,PICKCOIN
ZEN,STEX
